variable,count,mean,std,min,25%,50%,75%,max,original
dummy1,1000.0,-0.00045508126497480124,0.009892271867894216,-0.0328719573611664,-0.007369953255876575,-0.00047710743161204997,0.006103261507421875,0.0341691791370841,0.0025022109811896
dummy2,1000.0,-0.0003451923063535679,0.01108666606822712,-0.0377197729459481,-0.007904655196406301,-0.0004937303286922,0.00731307595934175,0.0325834486258109,-0.0086944242553954
x1,1000.0,0.23844627276414668,3.044126033180828,-9.166538516626671,-1.7525135122537818,0.2340287640892389,2.0925780908218705,28.20329705868341,28.20329705868341
x2,1000.0,0.49046016526982805,7.692314603485895,-23.693468202350367,-4.625476778430358,0.15189611775474085,5.422397417177905,75.04860883083187,75.04860883083187
x3,1000.0,0.04794038458996387,1.9229483071301483,-5.48347320046841,-1.202769724778122,0.0095714051543218,1.3752696963770727,17.75295693356205,17.75295693356205
